"Date","List","Company Logo Image","Company Name","Company Industry","Company Staff Count (Range)","Company Revenue (Range)","Company Annual Revenue","Company Website","Company Intel","Company Location","Company Street 1","Company Street 2","Company City","Company State","Company State Abbr","Company Post Code","Company Country","Company Country Alpha 2","Country Alpha 3","Country Numeric","Company LI Profile Url","Company LinkedIn ID","Company Specialties","Company Founded","Company Description"
"2023-03-07T15:22:15.610Z","800 accounts","https://media.licdn.com/dms/image/C4E0BAQEtGjkjeChQcQ/company-logo_200_200/0/1668428475798?e=1686182400&v=beta&t=RaP6arP1Cwdf7GDV9Lc964pguOea7BEu5BXK8KmmXXg","4Com","Telecommunications","201-500 employees","","","","https://login.seamless.ai/company/3837773455","","","","","","","","","","","","https://www.linkedin.com/company/785333","785333","","","Our Business Ethos

4Com was founded in 1999 by our Chairman and MD, Daron Hutt with the aim of improving the communications services of the UK’s SME market. At that time, we were based in Salisbury, but in the years since we have moved our Headquarters to Bournemouth, Dorset. Since 1999, we've grown to over 300 people and currently provide 10,000+ UK businesses with phone systems. 

Our mission is to be a company that becomes a benchmark for all competitors by providing total satisfaction to our customers and building an environment in which people are encouraged to grow, participate and share in the rewards.

4Com is a market leader in telecommunications, supplying phone systems to UK businesses for over 20 years.  

We are cutting-edge innovators, with the development of a globally unique handset, HiHi.

We are a creative, aspirational team working together to supply telephone systems bespoke to each business with a service tailored to their needs. 

We encourage a positive, can-do spirit balanced with operational focus and competitive drive to be the best we can be. Our customers and our employees are our priority and we are ever aware of the importance that to succeed, our team need to feel motivated and happy.

When seeking new team members, we look for open, honest, caring and focused focused individuals who are keen to join a fast-paced business and contribute to its continued success.

Award Winning Service

• The Sunday Times 100 Best Companies to Work For 2017 
• The Sunday Times 100 Best Small Companies to Work For 2013, 
2014, 2015, 2016
• 3 Star Rating Best Companies Group 2014, 2015, 2016, 2017
• National Business Awards, Customer Focus Awards 2006
"
"2023-03-07T15:22:15.612Z","800 accounts","https://media.licdn.com/dms/image/C4D0BAQGHv4DFdyZCwg/company-logo_200_200/0/1642423349706?e=1686182400&v=beta&t=8Vr4kZNfUOeljW-54iSeO255WAggfNnLNjppT6J_5HU","Aardman","Animation and Post-production","201-500 employees","","","","https://login.seamless.ai/company/3837773457","","","","","","","","","","","","https://www.linkedin.com/company/aardman","16634","","","Aardman, based in Bristol (UK) co-founded and run by Peter Lord and David Sproxton, is a world leader in animation. It produces feature films, series, advertising and digital entertainment for both the domestic and international market. Their multi-award winning productions are novel, entertaining, brilliantly characterised and full of charm that reflects the unique talent, energy and personal commitment of the very special people who make up the Aardman team. The studio’s work is often imitated and yet the company continues to lead the field producing a rare brand of visually stunning and amusing independent and commercials productions."
"2023-03-07T15:22:15.610Z","800 accounts","https://media.licdn.com/dms/image/C4D0BAQGYlXD9XnQ_yg/company-logo_200_200/0/1558002227780?e=1686182400&v=beta&t=9WGNotZqiODWEbiH4bU1Ian-0xGoSxGA5k0K5Za0mLA","Airwave","Telecommunications","10,001+ employees","","","","https://login.seamless.ai/company/3837773456","","","","","","","","","","","","https://www.linkedin.com/company/2016","2016","","","Motorola Solutions is a global leader in public safety and enterprise security. Our solutions in land mobile radio communications, video security & access control and command center software, bolstered by managed & support services, create the most integrated technology ecosystem to make communities safer and help businesses stay productive and secure. At Motorola Solutions, we’re ushering in a new era in public safety and security. Learn more at www.motorolasolutions.com."
